1,test/1/File 207
1,test/1/File 208
1,test/1/File 209
1,test/1/File 210
1,test/1/File 211
1,test/1/File 212
1,test/1/File 213
1,test/1/File 214
1,test/1/File 215
1,test/1/File 216
1,test/1/File 217
1,test/1/File 218
1,test/1/File 219
1,test/1/File 220
1,test/1/File 221
1,test/1/File 222
1,test/1/File 223
1,test/1/File 224
1,test/1/File 225
1,test/1/File 226
1,test/1/File 227
1,test/1/File 228
1,test/1/File 229
1,test/1/File 230
1,test/1/File 231
1,test/1/File 232
1,test/1/File 233
1,test/1/File 234
2,test/2/File 618
2,test/2/File 619
2,test/2/File 620
2,test/2/File 621
2,test/2/File 622
2,test/2/File 623
2,test/2/File 624
2,test/2/File 625
2,test/2/File 626
2,test/2/File 627
2,test/2/File 628
2,test/2/File 629
2,test/2/File 630
2,test/2/File 631
2,test/2/File 632
2,test/2/File 633
2,test/2/File 634
2,test/2/File 635
2,test/2/File 636
2,test/2/File 637
2,test/2/File 638
2,test/2/File 639
2,test/2/File 640
2,test/2/File 641
2,test/2/File 642
2,test/2/File 643
2,test/2/File 644
2,test/2/File 645
2,test/2/File 646
2,test/2/File 647
2,test/2/File 648
2,test/2/File 649
2,test/2/File 650
2,test/2/File 651
2,test/2/File 652
2,test/2/File 653
2,test/2/File 654
2,test/2/File 655
2,test/2/File 656
2,test/2/File 657
2,test/2/File 658
2,test/2/File 659
2,test/2/File 660
2,test/2/File 661
3,test/3/File 889
3,test/3/File 890
3,test/3/File 891
3,test/3/File 892
3,test/3/File 893
3,test/3/File 894
3,test/3/File 895
3,test/3/File 896
3,test/3/File 897
3,test/3/File 898
3,test/3/File 899
3,test/3/File 900
3,test/3/File 901
3,test/3/File 902
3,test/3/File 903
3,test/3/File 904
3,test/3/File 905
3,test/3/File 906
3,test/3/File 907
3,test/3/File 908
3,test/3/File 909
3,test/3/File 910
3,test/3/File 911
3,test/3/File 912
3,test/3/File 913
3,test/3/File 914
3,test/3/File 915
3,test/3/File 916
3,test/3/File 917
3,test/3/File 918
3,test/3/File 919
3,test/3/File 920
3,test/3/File 921
3,test/3/File 922
3,test/3/File 923
3,test/3/File 924
3,test/3/File 925
3,test/3/File 926
3,test/3/File 927
3,test/3/File 928
3,test/3/File 929
3,test/3/File 930
3,test/3/File 931
3,test/3/File 932
3,test/3/File 933
3,test/3/File 934
3,test/3/File 935
3,test/3/File 936
3,test/3/File 937
3,test/3/File 938
3,test/3/File 939
3,test/3/File 940
3,test/3/File 941
3,test/3/File 942
3,test/3/File 943
3,test/3/File 944
3,test/3/File 945
3,test/3/File 946
3,test/3/File 947
3,test/3/File 948
3,test/3/File 949
3,test/3/File 950
3,test/3/File 951
3,test/3/File 952
3,test/3/File 953
