classId,path
1,train/1/File 207
1,train/1/File 208
1,train/1/File 209
1,train/1/File 210
1,train/1/File 211
1,train/1/File 212
1,train/1/File 213
1,train/1/File 214
1,train/1/File 215
1,train/1/File 216
1,train/1/File 217
1,train/1/File 218
1,train/1/File 219
1,train/1/File 220
1,train/1/File 221
1,train/1/File 222
1,train/1/File 223
1,train/1/File 224
1,train/1/File 225
1,train/1/File 226
1,train/1/File 227
1,train/1/File 228
1,train/1/File 229
1,train/1/File 230
1,train/1/File 231
1,train/1/File 232
1,train/1/File 233
1,train/1/File 234
1,train/1/File 235
1,train/1/File 236
1,train/1/File 237
1,train/1/File 238
1,train/1/File 239
1,train/1/File 240
1,train/1/File 241
1,train/1/File 242
1,train/1/File 243
1,train/1/File 244
1,train/1/File 245
1,train/1/File 246
1,train/1/File 247
1,train/1/File 248
1,train/1/File 249
1,train/1/File 250
1,train/1/File 251
1,train/1/File 252
1,train/1/File 253
1,train/1/File 254
1,train/1/File 255
1,train/1/File 256
1,train/1/File 257
1,train/1/File 258
1,train/1/File 259
1,train/1/File 260
1,train/1/File 261
1,train/1/File 262
1,train/1/File 263
1,train/1/File 264
1,train/1/File 265
1,train/1/File 266
1,train/1/File 267
1,train/1/File 268
1,train/1/File 269
1,train/1/File 270
1,train/1/File 271
1,train/1/File 272
1,train/1/File 273
1,train/1/File 274
1,train/1/File 275
1,train/1/File 276
1,train/1/File 277
1,train/1/File 278
1,train/1/File 279
1,train/1/File 280
1,train/1/File 281
1,train/1/File 282
1,train/1/File 283
1,train/1/File 284
1,train/1/File 285
1,train/1/File 286
1,train/1/File 287
1,train/1/File 288
1,train/1/File 289
1,train/1/File 290
1,train/1/File 291
1,train/1/File 292
1,train/1/File 293
1,train/1/File 294
1,train/1/File 295
1,train/1/File 296
1,train/1/File 297
1,train/1/File 298
1,train/1/File 299
1,train/1/File 300
1,train/1/File 301
1,train/1/File 302
1,train/1/File 303
1,train/1/File 304
1,train/1/File 305
1,train/1/File 306
1,train/1/File 307
1,train/1/File 308
1,train/1/File 309
1,train/1/File 310
1,train/1/File 311
1,train/1/File 312
1,train/1/File 313
1,train/1/File 314
1,train/1/File 315
1,train/1/File 316
1,train/1/File 317
1,train/1/File 318
1,train/1/File 319
1,train/1/File 320
1,train/1/File 321
1,train/1/File 322
1,train/1/File 323
1,train/1/File 324
1,train/1/File 325
1,train/1/File 326
1,train/1/File 327
1,train/1/File 328
1,train/1/File 329
1,train/1/File 330
1,train/1/File 331
1,train/1/File 332
1,train/1/File 333
1,train/1/File 334
1,train/1/File 335
1,train/1/File 336
1,train/1/File 337
1,train/1/File 338
1,train/1/File 339
1,train/1/File 340
1,train/1/File 341
1,train/1/File 342
1,train/1/File 343
1,train/1/File 344
1,train/1/File 345
1,train/1/File 346
1,train/1/File 347
1,train/1/File 348
1,train/1/File 349
1,train/1/File 350
1,train/1/File 351
1,train/1/File 352
1,train/1/File 353
1,train/1/File 354
1,train/1/File 355
1,train/1/File 356
1,train/1/File 357
1,train/1/File 358
1,train/1/File 359
1,train/1/File 360
1,train/1/File 361
1,train/1/File 362
1,train/1/File 363
1,train/1/File 364
1,train/1/File 365
1,train/1/File 366
1,train/1/File 367
1,train/1/File 368
1,train/1/File 369
1,train/1/File 370
1,train/1/File 371
1,train/1/File 372
1,train/1/File 373
1,train/1/File 374
1,train/1/File 375
1,train/1/File 376
1,train/1/File 377
1,train/1/File 378
1,train/1/File 379
1,train/1/File 380
1,train/1/File 381
1,train/1/File 382
1,train/1/File 383
1,train/1/File 384
1,train/1/File 385
1,train/1/File 386
1,train/1/File 387
1,train/1/File 388
1,train/1/File 389
1,train/1/File 390
1,train/1/File 391
1,train/1/File 392
1,train/1/File 393
1,train/1/File 394
1,train/1/File 395
1,train/1/File 396
1,train/1/File 397
1,train/1/File 398
1,train/1/File 399
1,train/1/File 400
1,train/1/File 401
1,train/1/File 402
1,train/1/File 403
1,train/1/File 404
1,train/1/File 405
1,train/1/File 406
1,train/1/File 407
1,train/1/File 408
1,train/1/File 409
1,train/1/File 410
1,train/1/File 411
1,train/1/File 412
1,train/1/File 413
1,train/1/File 414
1,train/1/File 415
1,train/1/File 416
1,train/1/File 417
1,train/1/File 418
1,train/1/File 419
1,train/1/File 420
1,train/1/File 421
1,train/1/File 422
1,train/1/File 423
1,train/1/File 424
1,train/1/File 425
1,train/1/File 426
1,train/1/File 427
1,train/1/File 428
1,train/1/File 429
1,train/1/File 430
1,train/1/File 431
1,train/1/File 432
1,train/1/File 433
1,train/1/File 434
1,train/1/File 435
1,train/1/File 436
1,train/1/File 437
1,train/1/File 438
1,train/1/File 439
1,train/1/File 440
1,train/1/File 441
1,train/1/File 442
1,train/1/File 443
1,train/1/File 444
1,train/1/File 445
1,train/1/File 446
1,train/1/File 447
1,train/1/File 448
1,train/1/File 449
1,train/1/File 450
1,train/1/File 451
1,train/1/File 452
1,train/1/File 453
1,train/1/File 454
1,train/1/File 455
1,train/1/File 456
1,train/1/File 457
1,train/1/File 458
1,train/1/File 459
1,train/1/File 460
1,train/1/File 461
1,train/1/File 462
1,train/1/File 463
1,train/1/File 464
1,train/1/File 465
1,train/1/File 466
1,train/1/File 467
1,train/1/File 468
1,train/1/File 469
1,train/1/File 470
1,train/1/File 471
1,train/1/File 472
1,train/1/File 473
1,train/1/File 474
1,train/1/File 475
1,train/1/File 476
1,train/1/File 477
1,train/1/File 478
1,train/1/File 479
1,train/1/File 480
1,train/1/File 481
1,train/1/File 482
1,train/1/File 483
1,train/1/File 484
1,train/1/File 485
1,train/1/File 486
1,train/1/File 487
1,train/1/File 488
1,train/1/File 489
1,train/1/File 490
1,train/1/File 491
1,train/1/File 492
1,train/1/File 493
1,train/1/File 494
1,train/1/File 495
1,train/1/File 496
1,train/1/File 497
1,train/1/File 498
1,train/1/File 499
1,train/1/File 500
1,train/1/File 501
1,train/1/File 502
1,train/1/File 503
1,train/1/File 504
1,train/1/File 505
1,train/1/File 506
1,train/1/File 507
1,train/1/File 508
1,train/1/File 509
1,train/1/File 510
1,train/1/File 511
1,train/1/File 512
1,train/1/File 513
1,train/1/File 514
1,train/1/File 515
1,train/1/File 516
1,train/1/File 517
1,train/1/File 518
1,train/1/File 519
1,train/1/File 520
1,train/1/File 521
1,train/1/File 522
1,train/1/File 523
1,train/1/File 524
1,train/1/File 525
1,train/1/File 526
1,train/1/File 527
1,train/1/File 528
1,train/1/File 529
1,train/1/File 530
1,train/1/File 531
1,train/1/File 532
1,train/1/File 533
2,train/2/File 534
2,train/2/File 535
2,train/2/File 536
2,train/2/File 537
2,train/2/File 538
2,train/2/File 539
2,train/2/File 540
2,train/2/File 541
2,train/2/File 542
2,train/2/File 543
2,train/2/File 544
2,train/2/File 545
2,train/2/File 546
2,train/2/File 547
2,train/2/File 548
2,train/2/File 549
2,train/2/File 550
2,train/2/File 551
2,train/2/File 552
2,train/2/File 553
2,train/2/File 554
2,train/2/File 555
2,train/2/File 556
2,train/2/File 557
2,train/2/File 558
2,train/2/File 559
2,train/2/File 560
2,train/2/File 561
2,train/2/File 562
2,train/2/File 563
2,train/2/File 564
2,train/2/File 565
2,train/2/File 566
2,train/2/File 567
2,train/2/File 568
2,train/2/File 569
2,train/2/File 570
2,train/2/File 571
2,train/2/File 572
2,train/2/File 573
2,train/2/File 574
2,train/2/File 575
2,train/2/File 576
2,train/2/File 577
2,train/2/File 578
2,train/2/File 579
2,train/2/File 580
2,train/2/File 581
2,train/2/File 582
2,train/2/File 583
2,train/2/File 584
2,train/2/File 585
2,train/2/File 586
2,train/2/File 587
2,train/2/File 588
2,train/2/File 589
2,train/2/File 590
2,train/2/File 591
2,train/2/File 592
2,train/2/File 593
2,train/2/File 594
2,train/2/File 595
2,train/2/File 596
2,train/2/File 597
2,train/2/File 598
2,train/2/File 599
2,train/2/File 600
2,train/2/File 601
2,train/2/File 602
2,train/2/File 603
2,train/2/File 604
2,train/2/File 605
2,train/2/File 606
2,train/2/File 607
2,train/2/File 608
2,train/2/File 609
2,train/2/File 610
2,train/2/File 611
2,train/2/File 612
2,train/2/File 613
2,train/2/File 614
2,train/2/File 615
2,train/2/File 616
2,train/2/File 617
2,train/2/File 618
2,train/2/File 619
2,train/2/File 620
2,train/2/File 621
2,train/2/File 622
2,train/2/File 623
2,train/2/File 624
2,train/2/File 625
2,train/2/File 626
2,train/2/File 627
2,train/2/File 628
2,train/2/File 629
2,train/2/File 630
2,train/2/File 631
2,train/2/File 632
2,train/2/File 633
2,train/2/File 634
2,train/2/File 635
2,train/2/File 636
2,train/2/File 637
2,train/2/File 638
2,train/2/File 639
2,train/2/File 640
2,train/2/File 641
2,train/2/File 642
2,train/2/File 643
2,train/2/File 644
2,train/2/File 645
2,train/2/File 646
2,train/2/File 647
2,train/2/File 648
2,train/2/File 649
2,train/2/File 650
2,train/2/File 651
2,train/2/File 652
2,train/2/File 653
2,train/2/File 654
2,train/2/File 655
2,train/2/File 656
2,train/2/File 657
2,train/2/File 658
2,train/2/File 659
2,train/2/File 660
2,train/2/File 661
2,train/2/File 662
2,train/2/File 663
2,train/2/File 664
2,train/2/File 665
2,train/2/File 666
2,train/2/File 667
2,train/2/File 668
2,train/2/File 669
2,train/2/File 670
2,train/2/File 671
2,train/2/File 672
2,train/2/File 673
2,train/2/File 674
2,train/2/File 675
2,train/2/File 676
2,train/2/File 677
2,train/2/File 678
2,train/2/File 679
2,train/2/File 680
2,train/2/File 681
2,train/2/File 682
2,train/2/File 683
2,train/2/File 684
2,train/2/File 685
2,train/2/File 686
2,train/2/File 687
2,train/2/File 688
2,train/2/File 689
2,train/2/File 690
2,train/2/File 691
2,train/2/File 692
2,train/2/File 693
2,train/2/File 694
2,train/2/File 695
2,train/2/File 696
2,train/2/File 697
2,train/2/File 698
2,train/2/File 699
2,train/2/File 700
2,train/2/File 701
2,train/2/File 702
2,train/2/File 703
2,train/2/File 704
2,train/2/File 705
2,train/2/File 706
2,train/2/File 707
2,train/2/File 708
2,train/2/File 709
2,train/2/File 710
2,train/2/File 711
2,train/2/File 712
2,train/2/File 713
2,train/2/File 714
2,train/2/File 715
2,train/2/File 716
2,train/2/File 717
2,train/2/File 718
2,train/2/File 719
2,train/2/File 720
2,train/2/File 721
2,train/2/File 722
2,train/2/File 723
2,train/2/File 724
2,train/2/File 725
2,train/2/File 726
2,train/2/File 727
2,train/2/File 728
2,train/2/File 729
2,train/2/File 730
2,train/2/File 731
2,train/2/File 732
2,train/2/File 733
2,train/2/File 734
2,train/2/File 735
2,train/2/File 736
2,train/2/File 737
2,train/2/File 738
2,train/2/File 739
2,train/2/File 740
2,train/2/File 741
2,train/2/File 742
2,train/2/File 743
2,train/2/File 744
2,train/2/File 745
2,train/2/File 746
2,train/2/File 747
2,train/2/File 748
2,train/2/File 749
2,train/2/File 750
2,train/2/File 751
2,train/2/File 752
2,train/2/File 753
2,train/2/File 754
2,train/2/File 755
2,train/2/File 756
2,train/2/File 757
2,train/2/File 758
2,train/2/File 759
2,train/2/File 760
2,train/2/File 761
2,train/2/File 762
2,train/2/File 763
2,train/2/File 764
2,train/2/File 765
2,train/2/File 766
2,train/2/File 767
2,train/2/File 768
2,train/2/File 769
2,train/2/File 770
2,train/2/File 771
2,train/2/File 772
2,train/2/File 773
2,train/2/File 774
2,train/2/File 775
2,train/2/File 776
2,train/2/File 777
2,train/2/File 778
2,train/2/File 779
2,train/2/File 780
2,train/2/File 781
2,train/2/File 782
2,train/2/File 783
2,train/2/File 784
2,train/2/File 785
2,train/2/File 786
2,train/2/File 787
2,train/2/File 788
2,train/2/File 789
2,train/2/File 790
2,train/2/File 791
2,train/2/File 792
2,train/2/File 793
2,train/2/File 794
2,train/2/File 795
2,train/2/File 796
2,train/2/File 797
2,train/2/File 798
2,train/2/File 799
2,train/2/File 800
2,train/2/File 801
2,train/2/File 802
2,train/2/File 803
2,train/2/File 804
2,train/2/File 805
2,train/2/File 806
2,train/2/File 807
2,train/2/File 808
2,train/2/File 809
2,train/2/File 810
2,train/2/File 811
2,train/2/File 812
2,train/2/File 813
2,train/2/File 814
2,train/2/File 815
2,train/2/File 816
2,train/2/File 817
2,train/2/File 818
2,train/2/File 819
2,train/2/File 820
2,train/2/File 821
2,train/2/File 822
2,train/2/File 823
2,train/2/File 824
2,train/2/File 825
2,train/2/File 826
2,train/2/File 827
2,train/2/File 828
2,train/2/File 829
2,train/2/File 830
2,train/2/File 831
2,train/2/File 832
2,train/2/File 833
2,train/2/File 834
2,train/2/File 835
2,train/2/File 836
2,train/2/File 837
2,train/2/File 838
2,train/2/File 839
3,train/3/File 841
3,train/3/File 842
3,train/3/File 843
3,train/3/File 844
3,train/3/File 845
3,train/3/File 846
3,train/3/File 847
3,train/3/File 848
3,train/3/File 849
3,train/3/File 850
3,train/3/File 851
3,train/3/File 852
3,train/3/File 853
3,train/3/File 854
3,train/3/File 855
3,train/3/File 856
3,train/3/File 857
3,train/3/File 858
3,train/3/File 859
3,train/3/File 860
3,train/3/File 861
3,train/3/File 862
3,train/3/File 863
3,train/3/File 864
3,train/3/File 865
3,train/3/File 866
3,train/3/File 867
3,train/3/File 868
3,train/3/File 869
3,train/3/File 870
3,train/3/File 871
3,train/3/File 872
3,train/3/File 873
3,train/3/File 874
3,train/3/File 875
3,train/3/File 876
3,train/3/File 877
3,train/3/File 878
3,train/3/File 879
3,train/3/File 880
3,train/3/File 881
3,train/3/File 882
3,train/3/File 883
3,train/3/File 884
3,train/3/File 885
3,train/3/File 886
3,train/3/File 887
3,train/3/File 888
3,train/3/File 889
3,train/3/File 890
3,train/3/File 891
3,train/3/File 892
3,train/3/File 893
3,train/3/File 894
3,train/3/File 895
3,train/3/File 896
3,train/3/File 897
3,train/3/File 898
3,train/3/File 899
3,train/3/File 900
3,train/3/File 901
3,train/3/File 902
3,train/3/File 903
3,train/3/File 904
3,train/3/File 905
3,train/3/File 906
3,train/3/File 907
3,train/3/File 908
3,train/3/File 909
3,train/3/File 910
3,train/3/File 911
3,train/3/File 912
3,train/3/File 913
3,train/3/File 914
3,train/3/File 915
3,train/3/File 916
3,train/3/File 917
3,train/3/File 918
3,train/3/File 919
3,train/3/File 920
3,train/3/File 921
3,train/3/File 922
3,train/3/File 923
3,train/3/File 924
3,train/3/File 925
3,train/3/File 926
3,train/3/File 927
3,train/3/File 928
3,train/3/File 929
3,train/3/File 930
3,train/3/File 931
3,train/3/File 932
3,train/3/File 933
3,train/3/File 934
3,train/3/File 935
3,train/3/File 936
3,train/3/File 937
3,train/3/File 938
3,train/3/File 939
3,train/3/File 940
3,train/3/File 941
3,train/3/File 942
3,train/3/File 943
3,train/3/File 944
3,train/3/File 945
3,train/3/File 946
3,train/3/File 947
3,train/3/File 948
3,train/3/File 949
3,train/3/File 950
3,train/3/File 951
3,train/3/File 952
3,train/3/File 953
3,train/3/File 954
3,train/3/File 955
3,train/3/File 956
3,train/3/File 957
3,train/3/File 958
3,train/3/File 959
3,train/3/File 960
3,train/3/File 961
3,train/3/File 962
3,train/3/File 963
3,train/3/File 964
3,train/3/File 965
3,train/3/File 966
3,train/3/File 967
3,train/3/File 968
3,train/3/File 969
3,train/3/File 970
3,train/3/File 971
3,train/3/File 972
3,train/3/File 973
3,train/3/File 974
3,train/3/File 975
3,train/3/File 976
3,train/3/File 977
3,train/3/File 978
3,train/3/File 979
3,train/3/File 980
3,train/3/File 981
3,train/3/File 982
3,train/3/File 983
3,train/3/File 984
3,train/3/File 985
3,train/3/File 986
3,train/3/File 987
3,train/3/File 988
3,train/3/File 989
3,train/3/File 990
3,train/3/File 991
3,train/3/File 992
3,train/3/File 993
3,train/3/File 994
3,train/3/File 995
3,train/3/File 996
3,train/3/File 997
3,train/3/File 998
3,train/3/File 999
3,train/3/File 1000
3,train/3/File 1001
3,train/3/File 1002
3,train/3/File 1003
3,train/3/File 1004
3,train/3/File 1005
3,train/3/File 1006
3,train/3/File 1007
3,train/3/File 1008
3,train/3/File 1009
3,train/3/File 1010
3,train/3/File 1011
3,train/3/File 1012
3,train/3/File 1013
3,train/3/File 1014
3,train/3/File 1015
3,train/3/File 1016
3,train/3/File 1017
3,train/3/File 1018
3,train/3/File 1019
3,train/3/File 1020
3,train/3/File 1021
3,train/3/File 1022
3,train/3/File 1023
3,train/3/File 1024
3,train/3/File 1025
3,train/3/File 1026
3,train/3/File 1027
3,train/3/File 1028
3,train/3/File 1029
3,train/3/File 1030
3,train/3/File 1031
3,train/3/File 1032
3,train/3/File 1033
3,train/3/File 1034
3,train/3/File 1035
3,train/3/File 1036
3,train/3/File 1037
3,train/3/File 1038
3,train/3/File 1039
3,train/3/File 1040
3,train/3/File 1041
3,train/3/File 1042
3,train/3/File 1043
3,train/3/File 1044
3,train/3/File 1045
3,train/3/File 1046
3,train/3/File 1047
3,train/3/File 1048
3,train/3/File 1049
3,train/3/File 1050
3,train/3/File 1051
3,train/3/File 1052
3,train/3/File 1053
3,train/3/File 1054
3,train/3/File 1055
3,train/3/File 1056
3,train/3/File 1057
3,train/3/File 1058
3,train/3/File 1059
3,train/3/File 1060
3,train/3/File 1061
3,train/3/File 1062
